metric,low_before,high_before,mean_before,sum_before,range_before,stddev_before,low_after,high_after,mean_after,sum_after,range_after,stddev_after,range_improvement,range_improvement_pct,stddev_improvement,stddev_improvement_pct
Accounts per AM,25.0,30.0,27.3,273.0,5.0,1.676305461424021,27.0,28.0,27.3,273.0,1.0,0.45825756949558394,4.0,0.8,1.218047891928437,0.726626453208418
Avg MRR per AM,11774.48,13176.57142857143,12437.805117216118,124378.05117216117,1402.0914285714298,532.0636923552305,11471.32142857143,13247.74074074074,12453.15171957672,124531.5171957672,1776.4193121693115,484.9036861074833,-374.32788359788174,-0.2669782269329461,47.16000624774722,0.088636016562207
Total MRR per AM,294362.0,372043.0,339855.9,3398559.0,77681.0,28753.307939957103,321197.0,357689.0,339855.9,3398559.0,36492.0,11413.209421105003,41189.0,0.5302326180147011,17340.0985188521,0.6030644736620162
Q1 renewals per AM,3.0,11.0,5.9,59.0,8.0,2.507987240796891,5.0,6.0,5.9,59.0,1.0,0.3,7.0,0.875,2.207987240796891,0.880382166575665
Q2 renewals per AM,3.0,10.0,6.1,61.0,7.0,1.8681541692269403,1.0,7.0,6.1,61.0,6.0,1.7578395831246947,1.0,0.14285714285714285,0.11031458610224565,0.05905004411273768
Q3 renewals per AM,3.0,9.0,6.5,65.0,6.0,1.91049731745428,5.0,11.0,6.5,65.0,6.0,1.746424919657298,0.0,0.0,0.16407239779698202,0.08587941804367827
Q4 renewals per AM,6.0,11.0,8.8,88.0,5.0,1.6,7.0,11.0,8.8,88.0,4.0,1.0770329614269007,1.0,0.2,0.5229670385730993,0.3268543991081871
